('2018-04-06 11:33:16.536155', 1523028796536154997, 'Subject', 'vUgefal', '2018-04-06 11:19:16.516173087~2018-04-06 14:01:32.299612930_0')
('2018-04-06 11:33:16.536155', 1523028796536154997, 'Subject', 'vUgefal', '2018-04-06 11:19:44.106176111~2018-04-06 12:08:41.586107566_0')
('2018-04-06 11:33:16.546160', 1523028796546159758, 'Subject', 'vUgefal', '2018-04-06 11:19:44.106176111~2018-04-06 12:08:41.586107566_0')
('2018-04-06 12:04:57.686114', 1523030697686113765, 'Subject', 'vUgefal', '2018-04-06 11:19:44.106176111~2018-04-06 12:08:41.586107566_0')
('2018-04-06 11:33:16.536155', 1523028796536154997, 'Subject', 'vUgefal', '2018-04-06 11:19:44.106176111~2018-04-06 12:08:41.586107566_0')
('2018-04-06 12:08:41.586108', 1523030921586107566, 'Subject', 'vUgefal', '2018-04-06 11:19:44.106176111~2018-04-06 12:08:41.586107566_0')
('2018-04-06 11:43:04.976143', 1523029384976142609, 'Subject', 'vUgefal', '2018-04-06 11:19:44.106176111~2018-04-06 12:08:41.586107566_0')
('2018-04-06 11:47:34.606136', 1523029654606135739, 'Subject', 'vUgefal', '2018-04-06 11:19:44.106176111~2018-04-06 12:08:41.586107566_0')
('2018-04-06 12:04:52.046111', 1523030692046111295, 'Subject', 'vUgefal', '2018-04-06 11:19:44.106176111~2018-04-06 12:08:41.586107566_0')
('2018-04-06 12:04:57.386112', 1523030697386112131, 'Netflow', '139.123.0.113:80', '2018-04-06 11:19:44.106176111~2018-04-06 12:08:41.586107566_0')
('2018-04-06 11:59:30.536122', 1523030370536121873, 'Subject', 'nginx', '2018-04-06 11:19:44.106176111~2018-04-06 12:08:41.586107566_0')
('2018-04-06 11:19:56.166173', 1523027996166172676, 'Subject', 'nginx', '2018-04-06 11:19:44.106176111~2018-04-06 12:08:41.586107566_0')
('2018-04-06 11:22:53.596169', 1523028173596169278, 'Subject', 'nginx', '2018-04-06 11:19:44.106176111~2018-04-06 12:08:41.586107566_0')
('2018-04-06 11:33:43.506157', 1523028823506157091, 'Subject', 'nginx', '2018-04-06 11:19:44.106176111~2018-04-06 12:08:41.586107566_0')
('2018-04-06 11:22:53.276168', 1523028173276168307, 'Subject', 'nginx', '2018-04-06 11:19:44.106176111~2018-04-06 12:08:41.586107566_0')
('2018-04-06 11:19:56.166173', 1523027996166172676, 'Subject', 'nginx', '2018-04-06 11:19:44.106176111~2018-04-06 12:08:41.586107566_0')
('2018-04-06 11:19:44.116175', 1523027984116174661, 'Subject', 'nginx', '2018-04-06 11:19:44.106176111~2018-04-06 12:08:41.586107566_0')
('2018-04-06 11:19:46.136174', 1523027986136174116, 'Subject', 'nginx', '2018-04-06 11:19:44.106176111~2018-04-06 12:08:41.586107566_0')
('2018-04-06 11:19:53.146177', 1523027993146176514, 'Subject', 'nginx', '2018-04-06 11:19:44.106176111~2018-04-06 12:08:41.586107566_0')
('2018-04-06 11:20:20.296174', 1523028020296173816, 'Subject', 'nginx', '2018-04-06 11:19:44.106176111~2018-04-06 12:08:41.586107566_0')
('2018-04-06 11:19:56.176172', 1523027996176172457, 'Subject', 'nginx', '2018-04-06 11:19:44.106176111~2018-04-06 12:08:41.586107566_0')
('2018-04-06 11:19:59.196172', 1523027999196172358, 'Subject', 'nginx', '2018-04-06 11:19:44.106176111~2018-04-06 12:08:41.586107566_0')
('2018-04-06 11:20:01.216173', 1523028001216173433, 'Subject', 'nginx', '2018-04-06 11:19:44.106176111~2018-04-06 12:08:41.586107566_0')
('2018-04-06 11:20:06.236174', 1523028006236173598, 'Subject', 'nginx', '2018-04-06 11:19:44.106176111~2018-04-06 12:08:41.586107566_0')
('2018-04-06 11:20:07.246175', 1523028007246175186, 'Subject', 'nginx', '2018-04-06 11:19:44.106176111~2018-04-06 12:08:41.586107566_0')
('2018-04-06 11:20:11.266175', 1523028011266174624, 'Subject', 'nginx', '2018-04-06 11:19:44.106176111~2018-04-06 12:08:41.586107566_0')
('2018-04-06 11:20:12.186179', 1523028012186179155, 'Subject', 'nginx', '2018-04-06 11:19:44.106176111~2018-04-06 12:08:41.586107566_0')
('2018-04-06 11:20:20.296174', 1523028020296173816, 'Subject', 'nginx', '2018-04-06 11:19:44.106176111~2018-04-06 12:08:41.586107566_0')
('2018-04-06 11:22:53.596169', 1523028173596169278, 'Subject', 'nginx', '2018-04-06 11:19:44.106176111~2018-04-06 12:08:41.586107566_0')
('2018-04-06 11:31:49.886158', 1523028709886158284, 'Subject', 'nginx', '2018-04-06 11:19:44.106176111~2018-04-06 12:08:41.586107566_0')
('2018-04-06 11:31:53.046157', 1523028713046157350, 'Subject', 'nginx', '2018-04-06 11:19:44.106176111~2018-04-06 12:08:41.586107566_0')
('2018-04-06 11:22:53.346171', 1523028173346171381, 'Netflow', '78.205.235.65:80', '2018-04-06 11:19:44.106176111~2018-04-06 12:08:41.586107566_0')
('2018-04-06 11:20:12.096172', 1523028012096172059, 'Netflow', '81.49.200.166:44623', '2018-04-06 11:19:44.106176111~2018-04-06 12:08:41.586107566_0')
('2018-04-06 11:22:53.276168', 1523028173276168307, 'Netflow', '81.49.200.166:43530', '2018-04-06 11:19:44.106176111~2018-04-06 12:08:41.586107566_0')
('2018-04-08 18:58:52.385318', 1523228332385318451, 'Subject', 'nginx', '2018-04-08 18:58:33.325322222~2018-04-08 18:58:59.405327117_0')
('2018-04-08 18:58:52.385318', 1523228332385318451, 'Subject', 'nginx', '2018-04-08 18:58:33.325322222~2018-04-08 18:58:59.405327117_0')
('2018-04-08 18:58:52.375321', 1523228332375321270, 'Subject', 'nginx', '2018-04-08 18:58:33.325322222~2018-04-08 18:58:59.405327117_0')
('2018-04-08 18:58:59.405327', 1523228339405327117, 'Subject', 'nginx', '2018-04-08 18:58:33.325322222~2018-04-08 18:58:59.405327117_0')
('2018-04-08 18:58:33.335320', 1523228313335320313, 'Subject', 'nginx', '2018-04-08 18:58:33.325322222~2018-04-08 18:58:59.405327117_0')
('2018-04-08 18:58:35.355322', 1523228315355322045, 'Subject', 'nginx', '2018-04-08 18:58:33.325322222~2018-04-08 18:58:59.405327117_0')
('2018-04-08 18:58:44.365317', 1523228324365317200, 'Subject', 'nginx', '2018-04-08 18:58:33.325322222~2018-04-08 18:58:59.405327117_0')
('2018-04-08 18:58:52.385318', 1523228332385318451, 'Subject', 'nginx', '2018-04-08 18:58:33.325322222~2018-04-08 18:58:59.405327117_0')
('2018-04-09 16:25:56.943593', 1523305556943592868, 'Subject', 'nginx', '2018-04-09 13:22:42.053839590~2018-04-09 16:25:56.943592868_0')
('2018-04-09 16:25:56.933593', 1523305556933592598, 'Subject', 'nginx', '2018-04-09 13:22:42.053839590~2018-04-09 16:25:56.943592868_0')
('2018-04-09 13:22:42.053840', 1523294562053839590, 'Subject', 'nginx', '2018-04-09 13:22:42.053839590~2018-04-09 16:25:56.943592868_0')
('2018-04-09 13:22:44.073837', 1523294564073837459, 'Subject', 'nginx', '2018-04-09 13:22:42.053839590~2018-04-09 16:25:56.943592868_0')
('2018-04-09 13:22:49.093840', 1523294569093839633, 'Subject', 'nginx', '2018-04-09 13:22:42.053839590~2018-04-09 16:25:56.943592868_0')
('2018-04-09 13:22:51.113851', 1523294571113851323, 'Subject', 'nginx', '2018-04-09 13:22:42.053839590~2018-04-09 16:25:56.943592868_0')
('2018-04-09 13:22:59.123838', 1523294579123838331, 'Subject', 'nginx', '2018-04-09 13:22:42.053839590~2018-04-09 16:25:56.943592868_0')
('2018-04-09 13:23:00.143839', 1523294580143838916, 'Subject', 'nginx', '2018-04-09 13:22:42.053839590~2018-04-09 16:25:56.943592868_0')
('2018-04-09 13:23:01.163837', 1523294581163837351, 'Subject', 'nginx', '2018-04-09 13:22:42.053839590~2018-04-09 16:25:56.943592868_0')
('2018-04-09 16:25:56.943593', 1523305556943592868, 'Subject', 'nginx', '2018-04-09 13:22:42.053839590~2018-04-09 16:25:56.943592868_0')
('2018-04-09 13:23:09.183838', 1523294589183837599, 'Subject', 'nginx', '2018-04-09 13:22:42.053839590~2018-04-09 16:25:56.943592868_0')
('2018-04-09 16:03:23.983624', 1523304203983623694, 'Subject', 'nginx', '2018-04-09 13:22:42.053839590~2018-04-09 16:25:56.943592868_0')
('2018-04-09 16:03:30.003624', 1523304210003624418, 'Subject', 'nginx', '2018-04-09 13:22:42.053839590~2018-04-09 16:25:56.943592868_0')
('2018-04-09 16:03:31.013628', 1523304211013628142, 'Subject', 'nginx', '2018-04-09 13:22:42.053839590~2018-04-09 16:25:56.943592868_0')
('2018-04-09 16:03:34.033624', 1523304214033624065, 'Subject', 'nginx', '2018-04-09 13:22:42.053839590~2018-04-09 16:25:56.943592868_0')
('2018-04-09 16:03:35.043623', 1523304215043622919, 'Subject', 'nginx', '2018-04-09 13:22:42.053839590~2018-04-09 16:25:56.943592868_0')
('2018-04-09 16:03:44.063628', 1523304224063627845, 'Subject', 'nginx', '2018-04-09 13:22:42.053839590~2018-04-09 16:25:56.943592868_0')
('2018-04-09 16:03:44.083629', 1523304224083628785, 'Subject', 'nginx', '2018-04-09 13:22:42.053839590~2018-04-09 16:25:56.943592868_0')
('2018-04-09 16:03:54.113622', 1523304234113622176, 'Subject', 'nginx', '2018-04-09 13:22:42.053839590~2018-04-09 16:25:56.943592868_0')
('2018-04-09 16:04:01.133627', 1523304241133627294, 'Subject', 'nginx', '2018-04-09 13:22:42.053839590~2018-04-09 16:25:56.943592868_0')
('2018-04-09 16:04:04.153622', 1523304244153621647, 'Subject', 'nginx', '2018-04-09 13:22:42.053839590~2018-04-09 16:25:56.943592868_0')
('2018-04-09 16:04:12.163624', 1523304252163624219, 'Subject', 'nginx', '2018-04-09 13:22:42.053839590~2018-04-09 16:25:56.943592868_0')
('2018-04-09 16:04:18.183628', 1523304258183627804, 'Subject', 'nginx', '2018-04-09 13:22:42.053839590~2018-04-09 16:25:56.943592868_0')
('2018-04-09 16:04:18.203626', 1523304258203625624, 'Subject', 'nginx', '2018-04-09 13:22:42.053839590~2018-04-09 16:25:56.943592868_0')
('2018-04-09 16:04:25.213621', 1523304265213621423, 'Subject', 'nginx', '2018-04-09 13:22:42.053839590~2018-04-09 16:25:56.943592868_0')
('2018-04-09 16:25:52.873592', 1523305552873591543, 'Subject', 'nginx', '2018-04-09 13:22:42.053839590~2018-04-09 16:25:56.943592868_0')
('2018-04-09 16:25:53.903597', 1523305553903596999, 'Subject', 'nginx', '2018-04-09 13:22:42.053839590~2018-04-09 16:25:56.943592868_0')
('2018-04-09 16:25:55.923592', 1523305555923592242, 'Subject', 'nginx', '2018-04-09 13:22:42.053839590~2018-04-09 16:25:56.943592868_0')
('2018-04-09 16:25:56.943593', 1523305556943592868, 'Subject', 'nginx', '2018-04-09 13:22:42.053839590~2018-04-09 16:25:56.943592868_0')
('2018-04-10 17:01:47.651623', 1523394107651622601, 'Subject', 'nginx', '2018-04-10 14:48:03.691792880~2018-04-10 17:01:47.651622601_0')
('2018-04-10 17:01:47.641613', 1523394107641613139, 'Subject', 'nginx', '2018-04-10 14:48:03.691792880~2018-04-10 17:01:47.651622601_0')
('2018-04-10 14:48:03.701793', 1523386083701793152, 'Subject', 'nginx', '2018-04-10 14:48:03.691792880~2018-04-10 17:01:47.651622601_0')
('2018-04-10 14:48:08.711792', 1523386088711791777, 'Subject', 'nginx', '2018-04-10 14:48:03.691792880~2018-04-10 17:01:47.651622601_0')
('2018-04-10 14:48:11.731793', 1523386091731792801, 'Subject', 'nginx', '2018-04-10 14:48:03.691792880~2018-04-10 17:01:47.651622601_0')
('2018-04-10 14:48:16.751800', 1523386096751800018, 'Subject', 'nginx', '2018-04-10 14:48:03.691792880~2018-04-10 17:01:47.651622601_0')
('2018-04-10 14:48:25.771793', 1523386105771793421, 'Subject', 'nginx', '2018-04-10 14:48:03.691792880~2018-04-10 17:01:47.651622601_0')
('2018-04-10 14:48:29.791795', 1523386109791794671, 'Subject', 'nginx', '2018-04-10 14:48:03.691792880~2018-04-10 17:01:47.651622601_0')
('2018-04-10 14:48:31.811792', 1523386111811792238, 'Subject', 'nginx', '2018-04-10 14:48:03.691792880~2018-04-10 17:01:47.651622601_0')
('2018-04-10 14:48:36.821794', 1523386116821794142, 'Subject', 'nginx', '2018-04-10 14:48:03.691792880~2018-04-10 17:01:47.651622601_0')
('2018-04-10 17:01:47.651623', 1523394107651622601, 'Subject', 'nginx', '2018-04-10 14:48:03.691792880~2018-04-10 17:01:47.651622601_0')
('2018-04-10 17:01:42.601617', 1523394102601617000, 'Subject', 'nginx', '2018-04-10 14:48:03.691792880~2018-04-10 17:01:47.651622601_0')
('2018-04-10 17:01:43.621619', 1523394103621619497, 'Subject', 'nginx', '2018-04-10 14:48:03.691792880~2018-04-10 17:01:47.651622601_0')
('2018-04-10 17:01:47.631615', 1523394107631614717, 'Subject', 'nginx', '2018-04-10 14:48:03.691792880~2018-04-10 17:01:47.651622601_0')
('2018-04-10 17:01:47.651623', 1523394107651622601, 'Subject', 'nginx', '2018-04-10 14:48:03.691792880~2018-04-10 17:01:47.651622601_0')
('2018-04-11 15:08:32.659834', 1523473712659834179, 'Subject', 'nginx', '2018-04-11 15:08:32.359835172~2018-04-11 22:11:00.217464698_0')
('2018-04-11 15:08:32.639833', 1523473712639832849, 'Subject', 'nginx', '2018-04-11 15:08:32.359835172~2018-04-11 22:11:00.217464698_0')
('2018-04-11 15:13:11.969827', 1523473991969827072, 'Subject', 'nginx', '2018-04-11 15:08:32.359835172~2018-04-11 22:11:00.217464698_0')
('2018-04-11 15:08:32.359835', 1523473712359835172, 'Subject', 'nginx', '2018-04-11 15:08:32.359835172~2018-04-11 22:11:00.217464698_0')
('2018-04-11 15:14:31.539824', 1523474071539823994, 'Subject', 'nginx', '2018-04-11 15:08:32.359835172~2018-04-11 22:11:00.217464698_0')
('2018-04-11 15:12:33.709828', 1523473953709828247, 'Subject', 'nginx', '2018-04-11 15:08:32.359835172~2018-04-11 22:11:00.217464698_0')
('2018-04-11 15:08:32.639833', 1523473712639832849, 'Subject', 'nginx', '2018-04-11 15:08:32.359835172~2018-04-11 22:11:00.217464698_0')
('2018-04-11 15:08:32.659834', 1523473712659834179, 'Subject', 'nginx', '2018-04-11 15:08:32.359835172~2018-04-11 22:11:00.217464698_0')
('2018-04-11 15:08:32.659834', 1523473712659834179, 'Subject', 'nginx', '2018-04-11 15:08:32.359835172~2018-04-11 22:11:00.217464698_0')
('2018-04-11 15:13:12.129831', 1523473992129831021, 'Subject', 'nginx', '2018-04-11 15:08:32.359835172~2018-04-11 22:11:00.217464698_0')
('2018-04-11 15:11:01.519830', 1523473861519830496, 'Subject', 'nginx', '2018-04-11 15:08:32.359835172~2018-04-11 22:11:00.217464698_0')
('2018-04-12 16:04:11.296026', 1523563451296025541, 'Subject', 'nginx', '2018-04-12 16:03:57.226024531~2018-04-12 16:04:11.296025541_0')
('2018-04-12 16:04:11.296026', 1523563451296025541, 'Subject', 'nginx', '2018-04-12 16:03:57.226024531~2018-04-12 16:04:11.296025541_0')
('2018-04-12 16:03:57.236025', 1523563437236025452, 'Subject', 'nginx', '2018-04-12 16:03:57.226024531~2018-04-12 16:04:11.296025541_0')
('2018-04-12 16:03:59.246025', 1523563439246024612, 'Subject', 'nginx', '2018-04-12 16:03:57.226024531~2018-04-12 16:04:11.296025541_0')
('2018-04-12 16:04:04.266025', 1523563444266024777, 'Subject', 'nginx', '2018-04-12 16:03:57.226024531~2018-04-12 16:04:11.296025541_0')
('2018-04-12 16:04:07.286029', 1523563447286028582, 'Subject', 'nginx', '2018-04-12 16:03:57.226024531~2018-04-12 16:04:11.296025541_0')
('2018-04-12 16:04:11.296026', 1523563451296025541, 'Subject', 'nginx', '2018-04-12 16:03:57.226024531~2018-04-12 16:04:11.296025541_0')
('2018-04-12 16:04:11.296026', 1523563451296025541, 'Subject', 'nginx', '2018-04-12 16:03:57.226024531~2018-04-12 16:04:11.296025541_0')
